{
  "response_text": "The capital of France is **Paris**. \n\nIt\u2019s a great question! \ud83d\ude0a",
  "tokens": 36,
  "latency": 0.4330124855041504,
  "response_data": {
    "model": "gemma3:1b",
    "created_at": "2025-03-23T10:17:14.188446255Z",
    "response": "",
    "done": true,
    "done_reason": "stop",
    "context": [
      105,
      2364,
      107,
      3689,
      236789,
      236751,
      506,
      5279,
      529,
      7001,
      236881,
      106,
      107,
      105,
      4368,
      107,
      818,
      5279,
      529,
      7001,
      563,
      5213,
      50429,
      84750,
      236743,
      108,
      1509,
      236858,
      236751,
      496,
      1822,
      2934,
      236888,
      103453
    ],
    "total_duration": 430150886,
    "load_duration": 29729362,
    "prompt_eval_count": 17,
    "prompt_eval_duration": 20173116,
    "eval_count": 19,
    "eval_duration": 379552359
  },
  "token_count": {
    "prompt": 17,
    "completion": 19,
    "total": 36
  }
}