{
  "response_text": "I\u2019m doing well, thank you for asking! As a large language model, I don\u2019t experience feelings in the same way humans do, but I\u2019m functioning perfectly and ready to help you with whatever you need. \ud83d\ude0a \n\nHow about you? How\u2019s your day going so far?",
  "tokens": 77,
  "latency": 1.693234920501709,
  "response_data": {
    "model": "gemma3:1b",
    "created_at": "2025-03-23T10:15:58.31568344Z",
    "response": "",
    "done": true,
    "done_reason": "stop",
    "context": [
      105,
      2364,
      107,
      3910,
      659,
      611,
      3124,
      236881,
      106,
      107,
      105,
      4368,
      107,
      236777,
      236858,
      236757,
      3490,
      1388,
      236764,
      7806,
      611,
      573,
      10980,
      236888,
      1773,
      496,
      2455,
      5192,
      2028,
      236764,
      564,
      1537,
      236858,
      236745,
      2707,
      15571,
      528,
      506,
      1638,
      1595,
      14464,
      776,
      236764,
      840,
      564,
      236858,
      236757,
      28488,
      13275,
      532,
      5508,
      531,
      1601,
      611,
      607,
      9002,
      611,
      1202,
      236761,
      103453,
      236743,
      108,
      3910,
      1003,
      611,
      236881,
      2088,
      236858,
      236751,
      822,
      1719,
      1771,
      834,
      2793,
      236881
    ],
    "total_duration": 1691214832,
    "load_duration": 32268498,
    "prompt_eval_count": 14,
    "prompt_eval_duration": 135307330,
    "eval_count": 63,
    "eval_duration": 1522935714
  },
  "token_count": {
    "prompt": 14,
    "completion": 63,
    "total": 77
  }
}